Serie;idUsina;1;2;3;4;5;6;7;8;9;10;11;12
1;155;221.86;156.84;406.12;135.72;93.47;119.99;55.88;36.22;56.27;48;181.63;341.63
1;156;1082.1;79.09;1159.52;563.07;195.09;357.7;112.51;43.47;137.91;167.48;459.03;588.19
1;162;46.47;0;119.44;47.13;17.06;58.41;31.05;25.42;20.72;18.65;56.67;82.42
1;169;245.52;1046.04;10782;4985.26;249.3;1672.78;905.25;733.01;765.41;528.81;1579.03;3321.39
1;172;0;344.05;753.49;199.78;180.26;196.98;54.36;32.62;0;7.78;58.05;0
1;176;0;132.69;219.86;46.53;102.79;46.16;0;0;0;0;0;19.79
1;178;0;0;0;0;0;0;0;0;0;0;0;0
2;155;221.02;320.67;292.28;109;44.41;9.62;64.39;71;45.37;60.4;216.94;267.06
2;156;1088;1159.06;1283.67;389.34;236.65;106.57;165.3;197.41;139.07;202.16;841.89;714.86
2;162;115.93;54.28;137.8;29.58;17.18;52.47;23.35;28.15;22.93;14.83;72.82;85.06
2;169;2727.92;1521.01;5443.99;2466.78;243.47;943.59;904.71;412.18;611.56;170.61;2336.98;2646.59
2;172;0;223.86;370.1;0;0;78.59;55.98;50.27;96.57;0;0;0
2;176;0;56.35;0;0;12.4;50.31;4.61;17.32;1.39;0;0;0
2;178;0;0;0;0;0;0;0;0;0;0;0;0
3;155;330.7;336.93;138.34;31.99;108.32;65.88;81.23;70.31;49.03;74.77;100.08;106.56
3;156;954.46;1803.9;1060.72;117.14;412.54;165.29;61.11;203.46;125.18;294.99;325.1;459.44
3;162;32.34;145.84;79.1;52.51;56.29;15.75;29.29;41.65;36.4;42.31;60.69;21.84
3;169;4582.76;5507.28;1896.99;2873.05;2146.92;1136.3;707.31;934.06;951.1;1008.73;1745.11;1740.69
3;172;81.65;47.38;0;331.05;235.97;89;82.56;93.57;33.31;0;84.57;95.03
3;176;21.12;0;0;89.33;92.7;0;27.84;46.15;10.61;0;0;61.74
3;178;0;0;0;0;0;0;0;0;0;0;0;0
4;155;110.27;121.59;264.54;50.26;124.76;67.23;57.53;52.19;68.76;82.84;208.5;361.71
4;156;254.68;599.54;1103.3;270.05;545.92;224.32;202.42;152.35;134.53;214.67;742.81;883.4
4;162;29.95;126.55;96.89;77.07;79.51;8.42;17;42.17;39.85;44.42;56.26;118.09
4;169;4136.06;6889.31;3675.37;3148.19;2730.67;289.73;257.49;1070.92;948.52;954.14;2016.96;2244.92
4;172;336.78;500.2;462.17;138.55;316.03;2.7;30.17;72.52;55.47;43.47;0;0
4;176;56.83;42.02;0;32.4;0.9;6.65;0;31.21;34.62;22.55;0;0
4;178;0;0;0;0;0;0;0;0;0;0;0;0
5;155;271.62;123.84;350.04;201.62;195.94;62.4;104.72;49.67;48.22;96;64.73;296.74
5;156;1155.93;543.72;1102.79;798.9;631.36;163.41;342.78;127.2;213.47;291.75;370.45;432.99
5;162;43.57;104.22;77.97;36.56;73.37;29.02;44.46;35.39;8.39;25.19;41.9;62.56
5;169;1139.55;1606;1086.86;3670.76;2872.36;1160.52;1728.02;909.99;326.53;858.99;434.86;1829.68
5;172;0;4.29;106.51;129.79;402.85;62.43;16.8;73.2;21.14;0;0;0
5;176;0;69.26;0;0;60.12;31.71;0;0;0;0.38;0;74.53
5;178;0;0;0;0;0;0;0;0;0;0;0;0
6;155;671.98;483.48;286.4;93.86;146.38;120.89;54.48;43.74;60.74;86.91;108.51;364.9
6;156;2298.54;1738.85;702.03;763.31;685.26;403.34;148.94;91.02;197.07;352.02;484.52;1551.94
6;162;77.33;89.96;45.53;87.42;26.17;53.46;36.59;23.77;16.76;45.33;16.37;62.62
6;169;3776.08;5791.88;4192.8;3081.16;3156.31;1496.45;1130.53;834.05;471.75;971.62;690.95;2377.12
6;172;0;224.17;240.16;8.18;318.65;101.45;18.56;16.04;16.35;0;0;0
6;176;0;89.13;54.87;0;71.45;26.31;15.71;37.49;0;0;0;0
6;178;0;0;0;0;0;0;0;0;0;0;0;0
7;155;53.75;372.33;334.6;113.33;178.51;67.41;23.11;72.14;61.63;92.63;97.9;256.14
7;156;381.54;1754.18;939.3;499.09;564.84;201.12;115.47;180.43;127.41;161.82;391.78;887.84
7;162;111.43;115.92;91.76;101.14;72.13;42.31;28.79;30.41;23.58;23.45;62.59;132.3
7;169;3047.07;3896.47;4027.29;4443.05;2912.34;1136.06;634.6;898.03;728.29;810.39;1449.19;2763.91
7;172;0;0;195.29;203.38;173.62;32.53;33.26;0;0;23.59;42.54;0
7;176;0;0;49.18;63.65;70.58;0;7.52;0;59;39.6;1.33;0
7;178;0;0;0;0;0;0;0;0;0;0;0;0
8;155;89.54;15.23;306.04;163.47;102.37;94.56;80.75;89.34;41.12;87.85;87.03;73.28
8;156;875.71;706.9;1409.21;741.92;424.15;251.76;219.99;211.03;175.89;162.65;81.59;214.56
8;162;80.01;139.91;86.68;77.68;62.3;34.4;48.77;45.34;32.5;39.88;61.53;27.89
8;169;1461.4;3308.03;4038.05;2213.59;2421.26;684.3;1245.13;1388.85;899.78;888.47;1388.82;2255.25
8;172;233.19;0;493.07;252.08;223.91;0;64.65;13.58;58.69;0;0;148.29
8;176;62.97;0;0;104.69;73.28;0;0;14.18;11.51;0;0;44.58
8;178;0;0;0;0;0;0;0;0;0;0;0;0
9;155;0;228.5;272.81;125.28;13.31;65.94;88.06;82.3;55.1;114.99;131.63;93.33
9;156;54.28;670.84;1140.31;379.02;36.18;181.89;248.6;235.34;159.23;301.33;484.25;998.81
9;162;67.08;86.61;98;48.57;34.76;29.92;50.11;32.97;21.02;44.16;41.18;23.42
9;169;2871.31;2347.93;3858.56;345.88;0;439.67;1463.18;1353.23;590.31;744.76;2336.68;2339.85
9;172;468.37;0;464.64;113.1;0;0;52.3;63.09;98.27;26.04;0;5.19
9;176;161.84;0;89.43;170.26;0;0;2.89;7.27;22.16;17.79;20.73;0
9;178;0;0;0;0;0;0;0;0;0;0;0;0
10;155;238.67;116.34;130.03;58.87;55.75;75.53;71.2;106.89;55.22;131.92;96.95;213.44
10;156;660.32;255.83;184.03;278.95;97.22;268.59;322.18;310.72;129.5;285.78;487.3;273.23
10;162;128.76;36.24;105.83;56.18;38.16;36.4;36.25;41.18;30.7;51.12;74.08;50.1
10;169;3107.88;3792.8;1080.02;523.79;1005.99;798.52;1244.4;963.16;553.4;1206.4;1580.48;811.49
10;172;110.56;519.32;0;0;0;13.52;29.47;0;80.22;0;0;0
10;176;27.54;0;68.24;63.88;0.22;0;25.92;0;10.43;18.16;0;0
10;178;0;0;0;0;0;0;0;0;0;0;0;0
11;155;419.65;205.62;162.12;242.24;56.92;99.39;74.56;60.74;64.33;57.54;136.07;355.13
11;156;1295.8;571.93;514.34;805.31;146.5;298.58;140.28;188.39;149.72;316.75;715.69;621.99
11;162;100.35;55.09;76.86;133.89;25.37;23.48;41.59;24.92;37.65;41.14;66.85;88.44
11;169;2458.9;1704.84;1149.3;3731.74;1088.32;594.58;960.32;692.85;1124.25;826.51;1762.63;1376.51
11;172;0;0;182.03;452.58;98.79;4.24;41.48;66.46;0;0;0;39.42
11;176;0;60.72;104.86;175.18;0.46;12.13;57.11;28.38;0;0;0;23.82
11;178;0;0;0;0;0;0;0;0;0;0;0;0
12;155;497.6;111.83;156.99;163.12;27.02;66.36;53.01;24.05;68.36;32.08;100.32;190.46
12;156;1589.64;205.55;704.68;612.25;0;246.98;182.04;73.08;176.94;107.39;363.6;712.03
12;162;55.46;51.64;106.38;98.11;16.54;25.41;29.96;7.52;27.42;31.98;44.24;0
12;169;2880.94;2565.95;3407.76;4671.46;0;530.85;659.52;394.3;758.01;1089.46;1479.46;1523.82
12;172;0;318.96;0;699.74;7.98;0;16.31;108.45;51.33;0;0;0
12;176;6.16;96.23;0;273.01;46.69;0;0;11.2;34.3;0;14.88;0
12;178;0;0;0;0;0;0;0;0;0;0;0;0
13;155;251.52;525.04;193.91;151.66;126.78;25.91;57.58;68.9;89.85;69.98;128.14;170.49
13;156;1168.26;2123.4;698.95;600.69;451.49;108.38;137.51;82.25;187.3;279.87;496.77;904.02
13;162;75.46;127.05;90.11;87.25;65.82;16.62;21.57;15.42;19.94;39.17;28.44;63.44
13;169;1214.62;6823.63;0;2775.69;3483.45;856.8;725.36;690.54;635.01;1108.28;0;2292.96
13;172;197.24;0;0;107;283.91;8.08;11.87;0;0;5.02;68.37;0
13;176;0;5.11;0;75.44;80.15;0;48.58;22.66;16.49;8.03;16.05;0
13;178;0;0;0;0;0;0;0;0;0;0;0;0
14;155;330.34;300.62;5.58;149.45;102.62;136.99;36.94;34.57;33.54;88.66;147.17;198.03
14;156;700.95;657.5;838.62;526.59;417.9;322.27;82.93;117.27;42.34;168.68;576.91;1223.27
14;162;117.96;30.54;44.81;74.51;43.08;49.58;19.04;24.19;15.86;34.09;45.34;116.33
14;169;4434.39;0;3624.47;3550.62;1180.67;880.96;429.77;607.28;478.63;877.81;1109.36;2178.7
14;172;268.09;0;0;67.11;271.44;22.16;37.71;80.61;16.62;0;114.82;0
14;176;54;58.67;0;37.29;29.38;15.97;0;4.7;0;4.88;0;0
14;178;0;0;0;0;0;0;0;0;0;0;0;0
15;155;597.06;468.99;234.39;84.35;66.59;90.26;84.58;101.83;63.84;96.57;186.75;230.48
15;156;1471.84;1551.14;759.43;271.74;312.42;211.57;143.53;273.65;85.45;126.56;815.16;952.06
15;162;74.13;119.73;107.6;41.22;50.2;23.06;40.6;34.01;23.35;44.96;61.11;0
15;169;5521.92;4556.92;4777.05;367.87;2825.7;499.41;1080.05;1324.18;595.46;678.34;1600.63;753.65
15;172;0;48.07;67.25;0;221.68;39.45;0;50.62;15.96;53.58;0;0
15;176;0;0;26.07;0;0;0;0;25.86;0;0;0;12.7
15;178;0;0;0;0;0;0;0;0;0;0;0;0
16;155;190.16;271.21;253.73;132.06;156.46;121.19;44.39;61.22;44.25;73.01;192.38;318.36
16;156;205.18;755.33;549.53;327.71;477.54;287.61;86.98;93.71;94.4;194.41;643.55;1252.87
16;162;112.13;0;55.65;91.11;87.37;31.86;18.22;22.27;30.57;51.11;0;132.8
16;169;317.64;6298.52;67.48;3321.62;2995.81;1434.96;581.75;737.28;701.16;1160.11;958.4;3192.39
16;172;313.25;388.78;0;671.52;350.91;100.54;46.95;42.8;86.74;0;0;0
16;176;100.16;34.22;0;103.72;123.89;47.99;9.21;0;6.6;18.53;15.97;0
16;178;0;0;0;0;0;0;0;0;0;0;0;0
17;155;171.82;17.97;77.85;112.56;135.27;157.96;35.94;50.5;92.55;41.64;144.35;50.06
17;156;0;0;418.18;837.65;333.37;343.11;41.46;146.77;310.56;111.24;330.77;395.82
17;162;7.76;24.3;42.56;89.3;70;43.71;16.1;32.04;32.42;18.99;69.07;29.49
17;169;3138.16;364.19;0;2335.33;1780.58;1346.81;823.28;677.63;1170.61;623.8;2284.72;709.53
17;172;77.52;283.99;139.59;435.74;328.92;44.35;15.62;26.48;35.92;39.81;132.51;39
17;176;23.96;68.84;0;126.21;65.79;5.67;0;3.29;0;19.18;0;0
17;178;0;0;0;0;0;0;0;0;0;0;0;0
18;155;415.2;445.14;225.02;216.52;102.76;130.7;83.04;38.56;86.36;63.62;250.15;367.78
18;156;1246.54;1762.92;764.29;1088.76;262.69;354.94;207.77;108.36;218.83;95.46;959.6;1197.58
18;162;76.9;150.6;113.07;98.41;66.24;42.88;34.14;25.89;31.07;12.29;76.98;144.44
18;169;5412.24;6322.77;5907.85;4681.48;2109.17;1297.36;591.94;573.15;965.64;56.78;1026.76;3603.75
18;172;157.76;237.17;629.03;211.31;60.39;77.09;27.71;69.29;9.39;0;0;0
18;176;0;8.49;98.26;6.76;29.38;24.56;45.24;30.96;50.27;26.42;0;0
18;178;0;0;0;0;0;0;0;0;0;0;0;0
19;155;46.18;0;64.84;132.53;87.04;111.15;69.9;35.41;67.05;67.6;81.15;79.78
19;156;988.13;142.11;612.79;380.86;295.96;311.4;215.68;174.83;99.35;176.2;295.15;295.83
19;162;78.13;120.58;79.72;11.81;40.84;37.53;30.96;18.48;30.05;42.7;22.44;0
19;169;3754.1;2908.06;3748.63;1591.63;2182.22;1351.18;1135.96;523.35;902.05;1055.22;884.69;1471.97
19;172;78.63;162.26;704.29;108.45;167.67;6.26;0;22.13;0;83.05;2.59;0
19;176;91.59;0;206.48;8.86;45.84;15.43;0;43.68;0;0;0;0
19;178;0;0;0;0;0;0;0;0;0;0;0;0
20;155;248.37;494.92;284.67;245.09;47.57;80.9;52.02;35.73;86.21;59.53;215.75;215.92
20;156;1076.79;1289.63;998.98;1012.23;238.33;376.56;153.72;45.01;239.07;196.6;693.1;743.1
20;162;85.93;81.23;69.67;97.12;35.46;56.87;27.43;18.9;21.88;11.05;22.63;36.76
20;169;2424.76;2020.65;4375.26;4000.93;2068.41;1034.3;409.58;483.58;826.37;265.07;1950.95;2944.2
20;172;0;0;319.39;598.71;171.15;47.43;43.13;80.87;0;0;0;0
20;176;0;0;92.36;189.95;27.21;0;0;0;22.41;0;0;0
20;178;0;0;0;0;0;0;0;0;0;0;0;0
21;155;170.47;116.62;261.09;251.79;98.49;61.91;62.54;44.65;41.76;30.9;82.64;105.44
21;156;306.73;255.43;1038.8;954.78;360.44;96.98;250.07;84.7;120.22;71.25;469.74;61.97
21;162;52.47;25.48;127.51;77.61;33.14;32.89;42.6;28.9;10.83;41.36;85.84;0
21;169;5083.98;3718.61;4053.06;3819.1;1875.14;941.02;1280.51;825.01;393.68;931.59;2085.64;551.4
21;172;290.89;525.83;514.58;926.37;191.28;0;21.39;16.47;27.36;0;0;108.92
21;176;96.38;56.74;100.91;1.08;38.73;14.74;0;17.38;47.63;2.84;0;15.6
21;178;0;0;0;0;0;0;0;0;0;0;0;0
22;155;302.48;238.55;382.15;12.8;107.89;100.63;56.35;61.03;62.1;75.12;124.47;335.69
22;156;1138.66;1414.3;553.38;176.5;302.62;228.13;146.41;185.58;83.04;313.6;471.64;1375.09
22;162;126.35;153.64;105.22;23.02;41.19;35.91;37.56;30.48;29.07;48.7;50.52;69.65
22;169;4376.09;3783.74;1301.08;2438.45;1454.87;1126.32;1090.03;1068.7;569.28;1217.66;1153.23;2678.68
22;172;0;95.88;266.24;90.89;254.99;95.34;42.15;0;100.29;0;0;0
22;176;0;0;112.73;26.3;59.81;28.94;42.45;0;1.1;0;0;0
22;178;0;0;0;0;0;0;0;0;0;0;0;0
23;155;335;266.41;166.69;94.83;117.99;118.12;71.83;58.19;58.75;82.11;195.33;118.42
23;156;884.08;1189.11;672.49;207.88;341.3;349.46;125.27;223.72;149.6;84.43;366.35;300.72
23;162;70.29;13.09;78.17;40.24;51.93;37.52;36.62;34.39;34.84;42.48;64.8;0.5
23;169;3138.85;3077.64;4171.89;3637.68;828;722.76;613.07;988.1;848.36;984.36;1449.73;869.77
23;172;0;207.57;851.38;377.08;0;87.81;36.18;41.53;0;0;83;0
23;176;24.32;75.91;185.26;0;54.45;12.99;0;30.2;41.87;0;9.78;0
23;178;0;0;0;0;0;0;0;0;0;0;0;0
24;155;273;220.86;465.82;39.38;126.54;98.44;70.87;44.78;82.81;66.01;187.69;288.09
24;156;963.6;866.67;1975.8;455.33;394.99;260.33;169.76;79.36;154.6;124.58;702.56;1031.4
24;162;45.62;44.99;192.99;69.33;59.71;40.9;27.17;13.18;27.81;40.61;29.78;40.68
24;169;2610.55;5984.65;6432.08;1734.12;2900.09;1264.77;536.39;329.09;969.97;259.55;1129.2;1598.67
24;172;315.53;272.4;164.57;0;218.71;82.28;63.93;32.77;0;0;5.43;0
24;176;0;9.95;52.05;133.69;52.46;0.65;31.07;9.77;0;13.91;25.89;0
24;178;0;0;0;0;0;0;0;0;0;0;0;0
25;155;384.78;305.15;312.99;118.94;102.35;51.43;59.27;57.12;54.09;105.7;148.33;492.37
25;156;1461.82;1118.31;1250.48;487.27;238.64;141.3;143.54;254.66;156.82;312.75;326.33;1834.41
25;162;149.85;33.03;48.58;51.89;40.12;29.06;34.12;25.82;38.46;16.31;10.02;118.4
25;169;4289.93;4739.24;3441.37;1958.68;366.19;534.02;868.92;799.5;942.23;735.85;1026.45;2979.82
25;172;0;621.94;463.81;281.21;0;33.26;36.35;28.21;43.46;0;0;0
25;176;19.5;195.97;0;133.03;57.31;24.22;0.48;7.44;0;0;39.01;0
25;178;0;0;0;0;0;0;0;0;0;0;0;0
26;155;147.5;583.47;222.65;153.28;0;63.2;92.7;83.23;75.72;43.96;106.41;499.82
26;156;667.69;1817.87;815.53;458.87;0;156.73;291.33;229.02;131.68;0;341.65;1341.84
26;162;107.88;147.18;14.93;89.4;24.02;23.73;58.06;25.07;19.75;25.23;60.24;143.98
26;169;1696.78;3295.09;3861.31;2047;1804.45;534.66;1285.17;906.47;940.55;771.87;727.79;2676.16
26;172;62.64;0;355.12;109.17;0;32.08;90.32;69.53;10.57;94.04;0;0
26;176;53.04;0;191.93;47.41;0;0;21.16;40.43;56.43;24.82;0;0
26;178;0;0;0;0;0;0;0;0;0;0;0;0
27;155;239.54;0.2;294.52;197.81;161.54;106.55;78.42;85.89;11.52;142.74;182.74;276.44
27;156;703.58;42.71;817;819.19;573.42;283.83;284.31;193.85;19.5;367.92;766.72;255.78
27;162;44.77;38.79;49.34;35.42;24.59;43.9;30.65;41.41;15.54;45.53;87.16;0
27;169;2694.72;1497;647.93;3618.67;3033.3;1776.07;834.22;1123.31;522.77;1399.46;2353.78;1237.98
27;172;210.8;228.1;0;295.87;447.52;82.23;52.75;9.54;119.45;0;0;32.48
27;176;68.98;0;0;0;64.8;45.48;30.62;27.31;29.53;0;0;6.18
27;178;0;0;0;0;0;0;0;0;0;0;0;0
28;155;572.04;200.05;195.87;71.92;101.09;139.51;62.78;68.21;26.6;36.02;33.11;188.39
28;156;2305.49;1373.95;1246.12;359.15;381.03;356.75;212.67;171.72;78.86;293.4;350.52;605.88
28;162;202.48;70.98;106.88;12.41;48.77;46.08;9.54;36.55;7.05;22.94;49.1;119.02
28;169;2704.71;4123.47;7663.23;1947.21;2275.5;1605.24;499.96;951.5;431.94;494.5;1026.36;2900.42
28;172;0.26;221.38;88.85;376.66;214.32;127.22;0;49.61;73.27;62.57;0;177.74
28;176;0;120.85;110.79;25.65;56.37;40.3;0;1.03;50.56;0;0;0
28;178;0;0;0;0;0;0;0;0;0;0;0;0
29;155;507.95;370.5;258.5;0;104.13;183.36;62.22;37.94;55.08;43.28;21.01;356.55
29;156;1736.13;1170.75;962.74;0;439.87;462.36;115.42;96.17;184.56;327.47;16.02;1325.62
29;162;103.56;91.4;107.44;2.55;45.4;48.63;37;29.04;30.71;32.49;13.65;115.82
29;169;3962.49;2690.33;2856.42;288.42;1258.45;1838.22;916.42;612.96;637.9;714.81;978.41;3025.88
29;172;90.7;0;412.18;0;360.34;160.67;73.36;90.87;85.84;0;201.43;89.43
29;176;10.37;26.35;4.39;150.15;92.08;76.22;39.12;0;19.09;0;71.77;0
29;178;0;0;0;0;0;0;0;0;0;0;0;0
30;155;123.61;207.63;190.62;108.17;178.54;100;40.11;55.53;78.47;21.01;171.55;133.78
30;156;503.57;1264.47;898.3;105.94;413.4;222.31;123.09;126.33;212.55;0;471.25;561.7
30;162;85.15;87.6;99.41;59.14;58.08;30.8;22.08;37.98;24.64;0;35.43;49.57
30;169;3541.27;2269.08;0;1800.19;2241.61;655.42;557.88;818.95;656.16;180.49;1592.09;1095.23
30;172;394.82;110.66;0;511.64;116.68;40.86;0;90.7;12.13;4.33;0;0
30;176;45.88;95.94;50;141.15;79.76;3.08;0;0;8.93;5.02;0;0
30;178;0;0;0;0;0;0;0;0;0;0;0;0
31;155;192.48;354.59;271.25;103.83;101.18;47.13;62.64;77.87;48.6;51.07;160.8;114.86
31;156;339.65;1197.08;1320.65;604.03;391.97;164.4;268.49;233.71;99.81;182.85;466.17;828.63
31;162;0;79.7;91.91;60.84;43.32;35.57;29.94;34.42;7.71;32.26;46.91;42.17
31;169;2735.58;2175.06;2075.83;2624.65;1006.92;1022.72;1082.55;1239.47;343.7;1056.2;1114.35;2114.16
31;172;34.74;160.28;373.47;0;214.48;73.75;32.1;48.94;0;90.14;0;0
31;176;35.49;2.7;0;24.81;79.28;50.41;3.91;54.03;72.53;29.19;0;0
31;178;0;0;0;0;0;0;0;0;0;0;0;0
32;155;368.16;433.1;0;114.73;78.06;70.96;64.03;56.09;66.31;116.45;177.11;175.35
32;156;1041.3;1471.16;398.62;407.45;258.65;210.13;135.05;66.59;210.66;200.94;582.11;553.42
32;162;20.26;50.74;0;82.3;40.15;13.61;31.52;11.33;18.5;25.12;23.47;54.73
32;169;5140.4;3827.29;0;2690.29;1944.71;1026.03;971.84;569.12;689.33;880.92;885.98;918.93
32;172;149.17;288.27;674;349.83;59.19;0;0;25.75;0;26.32;0;0
32;176;0;83.52;74.82;49.7;56.13;9.28;0;36.78;0;0;0;0
32;178;0;0;0;0;0;0;0;0;0;0;0;0
33;155;337.09;342;403.16;185.38;136.66;184.5;65.31;90.4;73.78;56.31;261.6;226.4
33;156;1250.08;1216.25;807.78;421.94;561.18;438.51;228.12;244.77;252.98;177.79;749.22;801.21
33;162;64.48;55.09;125.39;76.59;60.57;50.62;46.94;41.2;44.46;17.21;69.78;48.13
33;169;2791.42;3127.24;4766.02;2228.42;1229.81;1215.3;1235.92;1273.27;921.99;491.39;1587.15;1426.5
33;172;0;92.22;1015.47;528.94;266.98;135.79;21.51;43.49;0;68.68;0;0
33;176;0;10.08;98.82;104.56;20.55;49.57;3.65;31.38;0;5.79;0;0
33;178;0;0;0;0;0;0;0;0;0;0;0;0
34;155;575.72;392.67;254.58;158.25;135.04;168.92;106.76;40.93;67.5;78.7;216.2;266.96
34;156;1752.67;1782.23;905.8;730.27;445.27;490.67;161.65;93.87;173.87;125.43;762.9;1062.35
34;162;126.82;179.5;42.01;45.95;57.73;51.35;40.3;28.13;26.08;36.87;75.69;96.26
34;169;4453.22;5411.49;0;3279.39;2349.1;1667.91;1055.78;740.5;582.54;298.9;1387.13;2841.75
34;172;304.76;167.94;157.64;225.93;225.86;111.53;62.24;0;32.79;35.54;0;0
34;176;29.46;0;11.02;32.92;62.82;33.68;8.92;18.33;25.61;34.23;0;0
34;178;0;0;0;0;0;0;0;0;0;0;0;0
35;155;329.7;208.72;308.48;185.37;99.34;42.21;82.26;18.3;47.45;102.07;96.56;333.77
35;156;1216.12;708.03;1316.24;963.94;191.24;77.33;245.98;31.22;70.55;204.85;324.18;244.67
35;162;109.2;19.07;91.98;46.24;40.2;30.72;31.08;0;15.17;33.78;42.25;103.78
35;169;4032.18;2683.38;8244.66;2864.75;481.2;662.79;1146.74;84.92;624.62;737.12;742.95;2206.55
35;172;0;0;694.41;114.54;238.21;0;26.29;0;40.91;0;0;5.24
35;176;0;0;75.8;0;57.35;56.93;7.79;21.66;36.95;0.9;0;46.04
35;178;0;0;0;0;0;0;0;0;0;0;0;0
36;155;258.92;521.93;538.08;217.7;138.98;89.07;23.39;73.46;58.75;13.43;138.46;259.11
36;156;953.83;1475.69;2051.23;1062.79;286.84;200.76;117.12;143.01;167.93;320.81;208.18;628.42
36;162;74.25;72.9;156.46;79.72;42.85;31.2;26.96;35.73;28.57;56.75;51.83;68.7
36;169;2051.23;2156.11;5742.76;5616.64;859.34;790.74;572.17;1103.79;725.73;559.61;2532.06;2018.09
36;172;0;111.51;598.1;751.9;108.61;42.96;0;49.17;61.98;0;13.12;203.53
36;176;0;0;18.7;0;89.36;0;0;32.69;29.72;0;1.4;51.06
36;178;0;0;0;0;0;0;0;0;0;0;0;0
37;155;337.08;199.92;378.97;113.3;79.24;71.68;102.11;30.01;76.85;90.07;178.77;288.43
37;156;1295.75;1023.26;1282.83;480.74;115.78;242.95;316.95;128.77;306.41;138.95;762.65;950.24
37;162;80.45;104.81;102.72;92.84;34.54;24.24;46.22;24.68;32.24;44.8;84.09;111.59
37;169;2271.34;5366.68;4494.16;3252.27;1552.31;893.58;1476.63;633.96;954.03;1255.12;2643.14;2408.61
37;172;6.02;172.6;776.32;226.22;44.11;0.04;54.26;0;0;67.56;0;48.71
37;176;0;86.85;70.92;0;0;3.53;0;0;14.77;12.03;0;7.17
37;178;0;0;0;0;0;0;0;0;0;0;0;0
38;155;457.91;145.15;52.56;145.17;173.4;43.2;83.3;48.52;95.68;88.91;55.19;418.38
38;156;1469.75;0;214.13;831.96;490.93;227.13;202.19;140.55;252.06;421.65;412.21;1492.36
38;162;64.89;36.98;50.45;112.82;54.1;44.41;36.68;33.4;31.94;51.15;61;138.8
38;169;3801.47;1049.47;3569.55;5295.36;1823.98;1001.07;1024.49;745.81;1222.56;1124.09;1179.86;3558.17
38;172;0;40.2;126.93;594.54;198.91;0;22.57;42.02;37.26;0;0;0
38;176;33.62;77.85;87.16;42.05;77.58;0;33.87;24.89;6.73;0;0;0
38;178;0;0;0;0;0;0;0;0;0;0;0;0
39;155;405.32;371.17;62.95;105.25;31;160.31;34.03;30.49;53.08;114.44;194.33;386.95
39;156;1630.63;1204.15;551.33;272.24;111.12;461.34;111.3;150.69;162.58;405.06;739.22;1021.62
39;162;87.04;107.57;55.28;54.71;21.33;65.39;21.15;25.8;24.81;50.58;84.46;126.88
39;169;5123.37;4515.04;5613.02;2271.16;1417.46;1893.14;488.61;449.31;580.61;1321.95;1431.78;1979.47
39;172;0;223.88;426.34;250.33;2.93;117.94;39.54;30.66;56.48;0;0;0
39;176;0;150.9;63.63;117.6;0;66.58;0;17.44;68.62;0;0;0
39;178;0;0;0;0;0;0;0;0;0;0;0;0
40;155;392.17;47.28;248.22;121.06;71.68;131.69;70.4;81.53;85.52;72.96;0;261.72
40;156;1053.3;335.57;996.17;364.68;424.89;355.83;76.09;255.36;246.84;152.37;117.5;335.14
40;162;73.67;16.04;72.28;69.82;36.43;40.74;31.36;41.84;38.54;22.95;43.63;86.43
40;169;3649.35;335.52;4141.79;2855.7;2643.87;1096.78;577.25;1358.92;947.59;676.93;803.62;2626.56
40;172;0;0;356;211.73;163.81;81.91;13.88;27.55;0;0;62.36;0
40;176;21.36;0;0;103.05;0;44.28;0;25.17;11.35;6.87;15.2;0
40;178;0;0;0;0;0;0;0;0;0;0;0;0
41;155;310.91;267.87;128.03;136.69;21.22;105.88;32.62;79.83;75.58;88.85;25.42;30.5
41;156;810.65;959.27;543.02;135.95;30.4;346.59;0;188.38;179.47;380.75;133.68;798.32
41;162;97.27;62.54;88.84;72.46;39.52;59.08;19.93;23.01;36.06;23.38;36.08;50.15
41;169;3247.33;886.27;2603.55;2526.76;665.57;1679.41;473.18;724.13;871.87;1060.43;850.25;1586.01
41;172;0;41.76;364.96;504.82;0;206.17;16.24;63.08;0;0;0;0
41;176;12.55;29;0;135.52;0;63.71;16.98;42.21;37.48;0;11.77;0
41;178;0;0;0;0;0;0;0;0;0;0;0;0
42;155;280.27;188.5;133.06;227;188.48;42.41;89.5;78.93;49.57;74.46;82.03;279.71
42;156;985.73;393.08;967.73;908.59;651.45;84.96;241.1;162.86;107;366.42;200.75;883.44
42;162;54.57;3.12;94.36;135.79;58.81;40.3;42.37;21.9;21.57;45.98;45.81;32.12
42;169;2094.92;202.77;2069.56;3656.42;1159.44;864.17;1096.89;684.73;426.31;1113.43;1615.05;2600.26
42;172;0;94.14;0;784.58;309.32;69;0;77.71;98.7;0;50.86;0
42;176;0;61.9;0;376.66;141.61;47.17;0;0.64;46.29;0;3.42;0
42;178;0;0;0;0;0;0;0;0;0;0;0;0
43;155;466.69;549.99;284.04;78.32;47.65;61.31;74.8;90.33;82.2;118.13;88.58;178.92
43;156;1772.91;1905.87;1380.6;425.65;207.99;185.14;98.86;276.73;236.92;335.87;346.51;627.79
43;162;58.92;72.63;128.88;42.99;36.19;48.91;28.63;48.28;22.25;65.67;27.23;53.03
43;169;4320.44;3679.53;2092.65;1611.36;863.55;1200.39;661.02;1206.56;645.35;906.55;986.17;667.84
43;172;0;0;940.74;113.32;206.07;106.65;35.94;42.11;0;35.17;0;0
43;176;18.81;56.46;0;48.36;16.97;0;24.26;36.67;50.86;12.78;0;3.02
43;178;0;0;0;0;0;0;0;0;0;0;0;0
44;155;592.98;152.09;212;192.85;83.97;112.89;38.53;29.88;39.47;16.44;44.59;380.16
44;156;2199.56;558.8;0;699.48;215.53;319.22;0;41.21;57.23;192.13;287.2;1035.47
44;162;63;58.09;21.76;69.58;37.63;56.96;12.76;22.71;29.1;27.21;72.5;74.34
44;169;2902.09;2040.2;0;1795.24;519.73;1651.28;515.2;741.25;889.4;646.19;775.45;1568.58
44;172;156.87;0;180.8;118.71;185.99;135.45;0;37.38;25.3;0;0;34.75
44;176;14.96;0;154.21;31.28;45.69;33.3;0;1.81;37.18;0;0;43.85
44;178;0;0;0;0;0;0;0;0;0;0;0;0
45;155;689.99;417.82;0;125.85;118.76;164.89;55.54;42.24;20.84;107.61;121.23;251.1
45;156;2435.23;1960.71;0;335.15;388.15;513.26;247.25;66.8;8.39;172.32;561.45;453.15
45;162;89.73;136.3;8.99;64.93;25.35;72.12;29.82;16.35;17.58;32.88;71.24;70.29
45;169;4188.02;8199.87;0;2394.95;1805.11;1917.71;809.74;370.25;403.11;1172.27;1367.27;2669.59
45;172;0;184.33;0;831.77;214.35;180.92;15.95;44.53;9.11;0;0;118.78
45;176;54.2;35.65;0;83.21;152.95;81.84;16.03;27.8;36.4;0;0;93.57
45;178;0;0;0;0;0;0;0;0;0;0;0;0
46;155;356.95;404.95;228.19;84.23;121.78;83.87;61.34;62.52;59.64;22.45;170.16;165.57
46;156;889.2;2315.05;794.88;45.08;231.98;226.83;166.23;89.81;191.04;193.93;680.56;854.8
46;162;68.33;132.17;37.87;51.06;45.8;26.11;29.51;32.4;16.82;20.6;72.09;91.68
46;169;1557.85;1746.72;1809.27;1730.21;955.22;901.88;619.11;755.69;694.01;699.75;1758.9;1733.7
46;172;86.88;0;299.92;417.97;153.29;32.68;0;94.4;86.82;0;0;0
46;176;0;9.58;65.32;0;61.65;3.37;58.38;20.62;37.43;8.52;0;7.8
46;178;0;0;0;0;0;0;0;0;0;0;0;0
47;155;403.91;218.72;139.38;114.13;158.75;180.38;29.93;79.44;47.17;53.85;115.02;207.33
47;156;1815.84;548.57;474.64;372.45;355.47;436.9;14.89;170.32;142.41;172.46;591.74;427.96
47;162;112.75;41.7;70.79;5.94;41.26;65.9;34.71;32.46;9.94;46.99;69.07;119.64
47;169;3803.13;1671.38;3572.31;1199.9;2099.58;1888.48;758.35;869.08;670.2;631.85;1290.22;2258.77
47;172;8.39;102.58;707;0;215.75;150.61;56.95;95.77;51.8;33.32;0;109.07
47;176;9.3;0;169.97;0;61.81;38.47;0;51.38;0;9.49;0;0.08
47;178;0;0;0;0;0;0;0;0;0;0;0;0
48;155;224.7;135.72;287.2;290.16;115.65;83.71;69.54;111.74;84.4;39.47;72.9;225.7
48;156;534.84;1287.09;1100.09;1356.43;424.19;311.79;219.59;254.88;122.33;240.06;388.41;1030.81
48;162;36.43;18.39;62.5;145.6;35.08;61.2;31.19;46.98;25.74;49.76;54.61;111.3
48;169;254.5;2496.09;4183.01;5791.46;1450;1175.61;1189.48;1216.11;1042.21;856.78;1184.2;2673.55
48;172;247.89;0;261.42;615.09;1.06;63.24;85.02;120.83;1.53;0;0;0
48;176;0;0;35.18;0;0;15.67;14.51;1.99;0.16;9.81;21.65;0
48;178;0;0;0;0;0;0;0;0;0;0;0;0
49;155;288.13;128.67;333.29;156.51;27.28;87.42;102.86;41.83;69.87;32.27;97.31;235.02
49;156;1064.8;726.9;1521.45;518.51;59.58;237.92;268.04;97.07;121.84;111.58;475.41;1220.24
49;162;115.78;66.51;108.46;83.58;4.84;38.12;49.63;33.64;33.12;23.67;51.4;124.7
49;169;5126.48;3829.7;7685.22;4080.68;386.35;192.82;1488.56;785.42;573.56;644.26;684.99;3107.14
49;172;233.93;130.28;226.2;1053.91;0;44.53;17.18;10.43;71.21;79.15;0;0
49;176;42.86;0;1.31;158.05;0;44.13;28.41;0;0;0.14;0;0
49;178;0;0;0;0;0;0;0;0;0;0;0;0
50;155;478.38;67.92;317.74;268.23;97.8;99.69;77.72;37.13;38.71;57.4;86.6;290.44
50;156;1434.85;232.99;657.74;1037.07;257.91;289.67;268.11;27.1;130.48;267.5;188.17;1468.64
50;162;105.15;1.42;88.34;120.53;65.91;34.83;40.09;24.07;17.96;26.14;44.75;76.22
50;169;3503.92;3317.83;5380.15;5358.88;3163.63;1412.26;1135.17;630.82;458.21;411.32;535;1607.2
50;172;0;59.95;327.49;479.85;411.62;0;76.16;30.26;47.24;19.99;0;0
50;176;43.84;55.53;151.73;78.55;0;20.27;35.21;0;19.14;0;1.5;0
50;178;0;0;0;0;0;0;0;0;0;0;0;0
51;155;212.31;410.54;276.22;234.62;59.42;102.86;67.93;70.41;59.11;61.39;126.75;286.11
51;156;607.79;487.12;702.64;958.81;27.49;242.27;146.95;215.99;128.02;90.53;543.17;1289.33
51;162;100.1;0;58.69;88.39;22.26;40.26;42.17;31.66;34.13;15.3;71.54;103.34
51;169;2480.8;645.6;1531.55;5803.29;216.33;914.19;1163.62;786.26;464.31;325.88;1754.34;3332.4
51;172;217.03;91.08;397.35;485.74;0;144.6;14.55;0;81.73;105.94;0;282.43
51;176;43.21;268.56;0;5.78;15.46;3.29;29.29;17.03;3.33;8.04;0;6.56
51;178;0;0;0;0;0;0;0;0;0;0;0;0
52;155;451.1;373.72;354.27;110.01;122.13;63.47;113.01;58.43;68.38;69.04;111.29;176.56
52;156;1625.6;851.93;935.77;521.26;219.5;157.81;398.57;207.74;161.08;166.92;465.39;701.32
52;162;84.5;38.92;111.03;41.51;54.97;14.81;68.06;40.21;27.28;28.79;61.88;56.68
52;169;1967.76;1851.93;1210.54;1179.03;2284.13;332.43;1896.24;998.27;597.51;1033.39;908.56;2436.33
52;172;0;31.87;0;175.28;325.5;99.26;48.57;0;69.65;0;41.13;138.44
52;176;0;21.59;194.53;68.46;113.01;40.19;0;0;51.67;27.73;0;7.96
52;178;0;0;0;0;0;0;0;0;0;0;0;0
53;155;648.75;218.89;141.31;125.68;123.99;123.7;84.74;72.33;35.03;65.25;163.12;281.98
53;156;1462.6;1115.35;441.65;417.25;435.15;461.87;269.11;181.34;19.7;255.48;572.05;1266.48
53;162;27.01;90.42;71.05;74.73;39.29;39.4;43.15;40.16;14.3;17.89;56.52;111.97
53;169;1287.44;3339.39;3570.39;3687.66;2326.33;1341.12;1468.99;1210;337.6;393.97;826.63;2578.92
53;172;0;638.15;604.38;873.03;316.93;29.81;19.31;11.58;45.29;0;0;0
53;176;45.34;0;45.62;127.8;119.85;0;0;14.49;45.15;0;0;0
53;178;0;0;0;0;0;0;0;0;0;0;0;0
54;155;435.3;413.55;434.38;132.11;77.21;18.25;111.81;59.31;51.8;67.53;186.61;379.18
54;156;1626.57;1308.5;1332.49;371.41;383.49;44.88;249.8;175.75;287.27;204.06;855.58;581.25
54;162;145.24;93.85;108.58;24.56;30.13;16.57;45.92;31.73;37.9;41.49;88.48;113.58
54;169;4717.37;955.3;3623.57;1134.08;2964.42;759.83;1528.27;960.66;831.69;798.65;1047.3;3066.24
54;172;0;0;793.01;44.94;242.96;27.92;40.94;26.53;0;37.04;0;175.73
54;176;0;4.58;0;118.73;16.8;0;2.26;49.24;0;7.15;0;79.31
54;178;0;0;0;0;0;0;0;0;0;0;0;0
55;155;242.39;508.95;125.29;101.49;63.44;48.79;94.67;36.56;56.59;61.45;94.47;219.77
55;156;720.97;1858.71;242.82;403.02;227.76;244.39;149.79;0;185.83;260.81;417.07;806.53
55;162;34.7;148.98;51.35;25.88;33.8;41.98;43.59;0.92;21.28;36.09;30.4;2.43
55;169;4281.99;4947.45;0;2071.16;1364;1348.63;1321.41;560.34;786.4;437.35;536.98;785.13
55;172;0;0;484.16;146.67;209.6;0;46.59;50.83;33.49;0;0;0
55;176;0;0;71.39;52.07;20.22;12.45;0;0;0;15.24;41.64;0
55;178;0;0;0;0;0;0;0;0;0;0;0;0
56;155;156.03;281.24;211.37;201;107.35;140.35;69.39;64.42;34.32;39.31;130.93;14.86
56;156;85.38;895.78;400.72;745.5;151.74;363.87;225.99;157.63;87.85;200.2;276.88;74.5
56;162;28.45;119.33;123.98;53.35;40.81;44.13;28.38;18.95;13.86;19.79;43.52;0
56;169;3901.01;2446.67;7374.68;1895.44;1210.74;1256.27;841.11;713.16;673.29;790.31;1056.77;2289.21
56;172;387.3;0;1017.33;458.98;119.13;104.46;0;0;44.62;29;0;24.77
56;176;111.97;0;245.14;0;78.45;36.73;21.41;4.81;0;0;16.79;0
56;178;0;0;0;0;0;0;0;0;0;0;0;0
57;155;307.82;391.52;208.77;257.65;133.29;131.12;28.48;68.76;39.25;51.64;223.58;275.47
57;156;1128.84;1319.9;1256.58;938.52;347.85;391.47;0;147.87;171.95;45.01;713.35;748.8
57;162;41.7;90.79;146.7;97.06;43.95;44.3;23.99;19.03;29.52;11.52;68.26;78.08
57;169;3960.95;4531.51;3023.45;3617.34;1393.35;1628.21;720.77;472.94;1080.82;548.75;1714.78;2527.36
57;172;305.13;287.21;294.61;246.86;251.63;119.02;53.4;51.67;27.1;57.39;0;0
57;176;147.38;186.87;0;0;99.29;15.65;0.23;17.48;0;0;0;0
57;178;0;0;0;0;0;0;0;0;0;0;0;0
58;155;206.57;108.29;62.13;135.56;121.41;14.16;46.41;79.04;83.36;78.66;112.09;201
58;156;900.02;506.05;362.04;409.27;251.58;60.6;182.09;247.31;244.91;244.49;503.93;759.31
58;162;42.09;66.68;51.61;97.55;35.8;30.57;27.02;38.91;34.14;42.99;18.25;75.53
58;169;2927.38;5031.8;0;2179.13;2094.35;474.49;498.65;973.63;776.66;1035.82;0;1928.7
58;172;0;551.99;0;667.22;220.64;35.84;40.41;60.47;161.69;0;10.06;195.36
58;176;0;2.05;0;0;68.44;0;12.2;0;0;0;0;10.39
58;178;0;0;0;0;0;0;0;0;0;0;0;0
59;155;222.9;436.24;154.18;176.32;139.11;46.94;79.07;65.52;48.3;58.39;227.86;311.93
59;156;809.37;1337.08;1102.2;780.94;466.61;122.65;194.08;100.31;165.82;270.47;863.63;1123.23
59;162;110.47;40;67.91;100.23;70.86;34.6;47.34;32.13;13.91;32.89;87.78;39.94
59;169;1685.26;4080.41;2490.85;4473.78;3137.2;895.3;1037.77;907.8;592.74;641.04;1849.21;1226.24
59;172;107.96;284.94;79.7;210.95;347.93;16.58;49.74;73.93;0;0;0;60.45
59;176;91.8;47.28;140.2;78.55;11.97;0;0;0;21.33;0;0;37.73
59;178;0;0;0;0;0;0;0;0;0;0;0;0
60;155;334.4;136.58;283.09;210.43;117.91;85.94;77.21;41.08;55.76;33.45;146.44;267.38
60;156;1118.69;522.62;670.95;867.07;265.06;197.11;187.28;72.12;99.32;51.31;475.28;1130.88
60;162;82.51;27.96;76.29;80.35;33.7;38.95;38.24;28.79;27.99;9.42;48.35;79.29
60;169;2276.24;4174.56;2903.26;3591.8;1872.14;1655.88;974.04;620.45;483.42;489.09;1514.54;2521.8
60;172;55.11;400.25;466.11;469.27;371.75;178.71;85.12;43.07;52.64;150.27;0;0
60;176;22.78;77.6;147.27;119.56;112.77;44.92;0;6.35;7.9;56.96;0;3.63
60;178;0;0;0;0;0;0;0;0;0;0;0;0
61;155;177.15;665.67;204.33;340.8;198.86;135.36;75.1;18.83;24.19;57.21;68.19;235.31
61;156;1369.34;2990.29;862.81;1385.61;480.41;415.28;194.72;3.63;163.59;171.45;223.34;766.82
61;162;96.82;206.2;31.48;104.98;65.49;38.27;55.31;0.45;22.82;33.48;48.94;8.95
61;169;2741.94;8101.12;0;5327.41;1925.95;1422.29;1449.62;131.36;794.3;722.74;1398.29;2729.61
61;172;165.95;174.94;0;277.56;319.23;165.21;31.5;0;0;39.46;0;0
61;176;43.15;0;0;101.99;168.57;64.48;0;16.95;24.82;2.93;0;0
61;178;0;0;0;0;0;0;0;0;0;0;0;0
62;155;436.71;338.94;217.54;270.54;126.56;27.89;92.11;19.68;46.05;106.61;203.44;84.69
62;156;1601.9;1671.52;818.38;1115.91;406.15;68.59;229.36;66.06;168.48;162.54;943.92;352.51
62;162;82.43;158.76;81.57;67.53;49.8;0.48;30.6;11.88;30.97;32.38;92.34;43.79
62;169;552.97;3584.58;2521.44;3284.79;2184.12;670.35;1098.09;422.62;675.56;1199.31;1545.77;1573.47
62;172;0;41.41;457.39;158.52;382.24;20.57;42.86;0;14.09;62.53;0;0
62;176;19.21;0;4.29;90.87;104.37;9.24;55.22;7.32;41.68;17.18;0;0
62;178;0;0;0;0;0;0;0;0;0;0;0;0
63;155;68.68;151.47;0;176.67;165.98;118.59;84.08;80.21;63.96;84.47;71.33;421.92
63;156;584.4;1062.84;366.74;568.72;485.22;254.94;245.52;178.53;144.59;176.88;177.76;1540.35
63;162;81.79;56.65;16.6;69.42;72.71;43.97;22.76;34.43;29.18;54.87;31.9;113.43
63;169;3836.16;2334.86;1823.48;5066.09;1854.99;1327.15;758.18;1048.4;633.5;1130.33;848.41;1714.65
63;172;134.76;0;0;219.04;149.97;49.39;67.36;126.91;93.56;0;0;0
63;176;0;19.3;105.65;78.83;46.35;4.5;21.77;25;40.37;0;0;0
63;178;0;0;0;0;0;0;0;0;0;0;0;0
64;155;192.06;0;0;225.37;180.09;0;69.34;61.95;32.31;38.47;128.95;219.69
64;156;1373.82;3.43;187.56;814.51;411.06;154.56;147.28;206.46;62.33;115.1;578.75;993.18
64;162;85.34;82.65;0;95.26;86.33;18.22;24.48;40.62;25.4;28.81;70.87;7.64
64;169;3307.68;1074.3;0;4951.12;2813.31;1660.44;832.92;1000.99;638;581.85;1409.85;877.31
64;172;0;33.1;0;1206.21;227.56;0;33.35;50.53;0;0;0;0
64;176;0;20.35;0;182.63;141.53;0;0;27.76;44.82;1.51;0;4.49
64;178;0;0;0;0;0;0;0;0;0;0;0;0
65;155;123.83;161.01;320.28;77.67;186.7;48.98;100.77;69.44;48.3;19.07;161.06;162.68
65;156;516.05;617.14;1131.52;126.33;438.24;79.97;205.32;144.53;111.9;115.34;474.44;821.99
65;162;10.13;73.39;54.89;55.2;55.29;27.2;37.87;33.25;25.37;0;55.92;78.43
65;169;2194.64;2722.53;135.39;1271.43;376.12;830.11;1149.97;966.23;887.96;257.92;1556.45;2576.74
65;172;0;0;0;268.15;29.81;77.26;20.5;74.17;29.3;14.17;0;0
65;176;21.44;0;53.19;30.25;137.05;22.78;35.64;10.11;0;12.66;0;0
65;178;0;0;0;0;0;0;0;0;0;0;0;0
66;155;379.84;538.16;13.04;75.58;132.18;127.9;63.57;57.23;39.39;20.55;102.42;343.08
66;156;1583.52;1722.61;240.67;166.95;314.27;325.04;52.32;232.43;139.38;0;429.73;1205.55
66;162;103.11;69.66;67.1;66.93;50.17;56.43;32.43;36.99;24.03;18.38;34.78;71.5
66;169;2987.91;4332.67;1851.06;1310.41;1803.89;1742.6;739.61;604.48;802.9;478.33;509.03;3355.8
66;172;0;0;62.67;652.07;0;151.18;48.36;103.44;0;8.3;0;349.99
66;176;0;70.64;9.4;175.27;14.01;70.85;0;11.75;27.02;16.8;0;95.82
66;178;0;0;0;0;0;0;0;0;0;0;0;0
67;155;330.15;260.21;245.08;0;155.14;80.49;32.26;0;69.54;94.56;130.29;20.74
67;156;874.8;776.64;517.04;159.39;377.5;298.84;181.98;0;199.31;299.5;552.84;477.11
67;162;98.21;57.78;120;3.41;55.86;46.59;21.71;8.51;29.53;36.93;83.21;8.77
67;169;2706.43;3344.17;7760.51;453.65;2864.02;1405.32;408.35;218.4;1021.59;915.83;1149.33;2536.93
67;172;11.44;260.79;453.54;526.26;472.03;74.98;50.05;44.3;58.6;26.52;0;0
67;176;0;145.01;190.06;0;135.56;49.01;0;0;37.78;19.81;0;0
67;178;0;0;0;0;0;0;0;0;0;0;0;0
68;155;151.5;464.56;385.08;140.11;167.92;115.62;66.39;72.26;45.42;69.48;116.71;266.23
68;156;692.18;1488.83;1884.67;922.91;607.45;404.11;154.88;268.79;210.54;243.6;348.4;1155.29
68;162;33.19;91.89;120.63;78.84;72;39.2;32.09;57.25;40.54;36.63;26.98;102
68;169;3791.64;3728.27;6521.53;5237.21;2743.76;934.76;868.84;1162.06;1103.76;990.46;871.87;3355.07
68;172;12.05;179.08;0;395.61;93.52;149.17;27.18;67.6;79.92;0;81.74;0
68;176;0;108.76;0;58.07;26.66;44.81;36.68;45.82;0;0;39.77;0
68;178;0;0;0;0;0;0;0;0;0;0;0;0
69;155;287.22;261.77;278.56;62.63;137.13;88.51;96.39;83.64;63.45;129.12;60.63;200.39
69;156;508.88;734.77;249.07;117.03;270.93;175.46;317.97;192.91;172.89;330.38;100.29;911.92
69;162;18.11;17.35;0;48.92;40.2;40.81;44.51;16.16;24.66;30.79;47.76;58.87
69;169;3372.86;3193.39;3083.41;2471.31;437.68;772.42;1412.48;721.43;838.75;709.33;1186.34;2137.3
69;172;0;490.49;462.4;744.47;0;52.61;52.06;72.03;80.37;0;0;0
69;176;0;175.29;123.39;132.9;10.42;24.49;0;2.34;20.37;0;38.65;41.75
69;178;0;0;0;0;0;0;0;0;0;0;0;0
70;155;238.45;9.18;204.09;191.78;131.97;42.6;17.16;24.13;60.13;26.2;106.65;184.53
70;156;555.47;0;424.45;711.47;385.72;117.47;120.83;137.24;178.33;115.44;746.95;345.51
70;162;26.89;0;56.22;102.18;60.44;38.42;16.02;28.88;28.29;20.34;51.75;39.35
70;169;0;1164.9;1429.92;3255.64;923.61;973.26;413.9;637.25;762.12;334.65;629.69;2175.15
70;172;187.12;387.46;169.49;693.18;123.36;6.71;0;0;17.76;88.93;0;0
70;176;41.05;87.86;0;113.58;92.62;0;0;0.18;0;33.62;0;0
70;178;0;0;0;0;0;0;0;0;0;0;0;0
71;155;607.29;144.19;373.73;170.47;127.56;77.52;85.89;49.89;36.89;62;127.42;353.07
71;156;1759.25;955.55;920.7;759.68;282.36;217.6;191.91;198.08;180.3;116.58;492.68;1207.87
71;162;92.39;49.43;138.99;67.55;75.27;43.6;50.05;29.13;21.61;40.03;24.35;119.36
71;169;4017.16;4676.52;4094.38;3233.21;1406.93;1263.26;1019.42;649.33;731.62;853.78;1383.48;3480.92
71;172;86.16;176.59;691.75;0;259.34;0.45;74.52;10.09;32.11;0;0;14.07
71;176;0;90.23;28.37;4.66;124.68;0;43.95;0;0;3.84;0;15.99
71;178;0;0;0;0;0;0;0;0;0;0;0;0
72;155;241.92;208.9;270.77;39.72;51.56;76.54;115.93;27.94;60.55;41.61;108.31;435.36
72;156;504.98;973.06;1038.73;9.34;98.65;263.05;271.93;85;66.86;192.62;468.98;970.93
72;162;56.76;79.01;88.42;10.69;6.58;25.77;43.05;12.27;22.66;41.68;63.48;58.38
72;169;2573.49;5484.14;1578.85;925.12;0;700.86;1280.31;353.92;575.75;757.38;1177;3029.05
72;172;227.25;181.62;196.53;0;4.43;10.19;53.17;56.01;38.64;46.35;0;104
72;176;7.1;24.01;82.63;14.46;0;0;41.99;0;9.01;0;8.18;14.53
72;178;0;0;0;0;0;0;0;0;0;0;0;0
73;155;332.61;42.56;100.23;150.93;103;108.09;78.52;33.57;33.98;24.42;167.37;126.74
73;156;1082.53;491.67;211.48;723.05;367.37;276.66;188.4;46.69;91.21;140.64;458.1;256.46
73;162;57.54;29.27;50.97;85.02;37.65;33.21;27.7;14.75;22.06;27.34;61.22;0
73;169;3686.48;2361.71;785.62;2763.34;2677.31;688.76;694.69;267.75;602.62;806.78;1252.51;1355.56
73;172;103.27;270.19;440.05;399.62;194.73;0;19.87;70.1;0;0;0;124.39
73;176;56.38;0;23.23;62.9;81.98;0;0;24.78;0;0;0;0
73;178;0;0;0;0;0;0;0;0;0;0;0;0
74;155;655.46;151.87;310.22;33.41;88.59;95.72;110.76;63.22;73.2;122.45;101.21;292.54
74;156;2124.1;390.5;591.92;69.06;333.67;406.44;177.72;178.81;153.14;517.2;378.55;1145.16
74;162;52.33;45.28;45.99;40.27;34.62;34.26;43.66;19.94;40.25;39.05;65.4;83.1
74;169;1734.46;713.85;4635.56;1396.29;2951.82;1479.97;1037.28;922.81;813.21;1108.64;1933.28;1814.62
74;172;0;0;41.66;249.3;74.83;0;40.35;30.18;109.06;0;95.8;0
74;176;0;0;88.81;49.31;24.1;0;3.63;29.52;27.61;0;14.71;0
74;178;0;0;0;0;0;0;0;0;0;0;0;0
75;155;397.45;428.6;111.37;167.42;191.44;104.44;70.22;33.38;84.63;64.89;64.54;486.5
75;156;1501.27;1302.03;718.03;840.36;470.25;239.9;203.18;180.35;279.59;298.91;189.33;886.29
75;162;121.62;93.59;61.97;85.03;72.44;40.48;28.55;28.4;37.53;41.76;31.55;124.02
75;169;4292.63;6009.96;3334.83;3204.06;2728.97;748.4;677.52;930.21;1016.66;809.79;1212.3;3041.24
75;172;121.9;406.84;0;23.79;275.25;16.66;10.69;35.93;0;22.4;0;0
75;176;0;66.67;33.27;63.42;148.9;22.41;19.92;0;33.75;1.88;0.64;0
75;178;0;0;0;0;0;0;0;0;0;0;0;0
76;155;320.61;353.56;257.29;205.2;43.12;64.49;65.07;36.29;56.33;111.68;199.86;155.6
76;156;1024.62;1209.66;981.2;759.35;115.97;197.62;261.74;209.79;121.6;219.77;615.16;732.51
76;162;119.91;23.67;184.16;108.3;37.83;23.97;46.76;21.97;24.28;30.08;47.22;54.08
76;169;2836;4131.83;8942.2;3386.16;2152.58;490.09;1115.69;817.11;687.77;512.96;705.53;1351.75
76;172;134.45;340.62;554.7;347.79;0;36.06;68.84;53.17;37.21;0;0;0
76;176;9.05;81.36;295.73;0;0;0;5.44;0.51;29.21;0;6.08;0
76;178;0;0;0;0;0;0;0;0;0;0;0;0
77;155;77.46;141.97;208.34;200.41;141.22;18.14;43.9;72.76;62.24;80.79;165.99;241.72
77;156;519.8;942.49;1116.17;807.96;466.63;129.06;134.75;144.87;221.05;329.05;807.84;992.63
77;162;105.2;117.63;44.6;62.44;38.26;23.67;12.79;43.63;18.7;56.38;88.2;34.94
77;169;3137.72;3790.53;3668.4;2708.14;2379.57;843.2;616.74;1132.74;611.34;940.8;1401.24;2319.09
77;172;297.93;162.07;455.12;668.76;269.56;5.86;22.72;47.98;0;0;0;14.28
77;176;89.77;0;0;200.87;110.99;0;0;6.64;20.5;0;0;0
77;178;0;0;0;0;0;0;0;0;0;0;0;0
78;155;153.17;426.74;214.59;141.55;74.14;77.39;53.39;43.63;62.75;67.6;80.59;264.29
78;156;338.28;1843.46;633.68;831.88;415.77;176.52;200.53;171.83;45.47;244.15;171.75;465.26
78;162;60.81;165.24;47.74;107.74;12.82;39.03;15.87;43.1;11.96;36.32;33.33;64.93
78;169;3368.43;4267.31;3238.8;2037.59;1524.29;1053.68;364.55;1022.18;303.04;921.76;932.7;3377.17
78;172;0;94.15;85.81;227.79;393.77;0;4.18;29.99;151.77;35;54.19;0
78;176;0;44.35;0;64.59;59.58;25.52;0;11.77;8;4.53;7.76;9.19
78;178;0;0;0;0;0;0;0;0;0;0;0;0
79;155;487.72;0;203.42;35.44;91.44;179.79;38.03;62.39;119.66;68.1;8.36;262.31
79;156;896.47;0;1204.6;6.38;297.08;432.8;169.66;158.86;206.52;212.78;75.58;243.68
79;162;44.79;34.4;121.9;39.9;59.38;58.69;36.5;20.51;45.59;40.6;6.01;81.59
79;169;3757.08;3000.09;8366.73;822.52;2139.2;1522.14;1313.52;491.51;1000.9;449.1;166.4;2329.65
79;172;0;106.89;202.85;651.13;203.54;129.6;0;106.73;0;12.81;0;78.69
79;176;0;43.94;0;75.48;20.36;30.29;0;23.56;0;0;14.31;28.51
79;178;0;0;0;0;0;0;0;0;0;0;0;0
80;155;229.38;295.41;244.62;199.76;165.81;119.11;72.18;58.86;59.02;33.02;114.47;420.61
80;156;920.3;1103.12;1180.59;938.62;474.56;318.45;167.34;133.8;144.65;188.9;333.92;1577.19
80;162;41.03;91.26;78.83;119.41;55.18;56.28;39.54;34.47;26.3;22.72;36.73;117.02
80;169;2660.14;3802.3;2351;3847.03;2277.72;1265.62;1073.8;1053.76;539.41;915.14;1339.9;3016.68
80;172;395;32.2;0;482.66;386.74;52.16;0;27.34;0.86;0;0;0
80;176;25.07;0;0;0;112.48;22.24;0;6.75;14.59;13.38;15.21;0
80;178;0;0;0;0;0;0;0;0;0;0;0;0
81;155;478.52;167.85;192.78;232.39;137.01;51.11;70.92;41.18;72.33;14.44;100.18;330.69
81;156;1743.48;691.5;334.52;464.08;457.28;219.43;206.55;153.18;104.34;79.36;451.55;544.79
81;162;97.48;51.14;35.27;31.73;43.41;12.31;38.85;19.27;24.63;21.07;42.73;94.47
81;169;2666.29;519.05;3180.58;978.87;2231.34;638.85;969.83;556.06;937.13;619.89;1089.38;2639.67
81;172;0;204.05;0;256.63;353.97;10.6;60.84;36.26;15.96;4.04;0;97.89
81;176;0;78.22;0;77.09;115.37;11.24;0;0;30.51;0;0;0
81;178;0;0;0;0;0;0;0;0;0;0;0;0
82;155;192.2;130.4;262.25;192.5;118.2;96.78;98.64;59.16;56.16;76.88;81.32;144.45
82;156;635.52;1510.15;1078.18;771.59;214.01;190.79;309.91;89.25;217;370;300.35;912.82
82;162;81.53;150.11;152.99;67.75;52.61;49.85;38.67;23.64;37.75;29.21;79.88;95.75
82;169;3356.94;5354.44;6412.89;2596.46;1182.39;1469.71;871.71;570.76;870.2;739.47;1861.95;2894.97
82;172;316.06;40.78;1007.26;724.16;183.05;61.42;34.54;46.33;104.88;0;0;70.66
82;176;74.9;0;144.1;289.66;78.95;0;46.94;0.29;19.12;0;0;0.25
82;178;0;0;0;0;0;0;0;0;0;0;0;0
83;155;302.96;243.34;66.11;167.38;61.95;125.93;73.94;79.09;45.49;67.99;32.79;253.7
83;156;1427.86;730.35;775.57;700.15;321.99;456.13;158.13;238.2;117.26;93.91;0;1019.91
83;162;99.71;7.23;117.35;82.01;64.47;56.51;42.27;43.07;31.42;38.83;7.58;111.96
83;169;1993.7;3344.67;0;3180.61;3260.25;1646.5;1188.73;1460.61;952.22;566.03;165.15;2673.63
83;172;77.87;346.11;191.76;0;271.62;95.99;0;41.92;176.1;99.45;145.47;73.62
83;176;6.46;101.61;0;172.3;30.9;18.7;0;22.78;0;0;22.78;0
83;178;0;0;0;0;0;0;0;0;0;0;0;0
84;155;510.76;402.81;266.55;200.33;110.39;41.63;61.5;94.2;41.59;102.49;148.09;143.49
84;156;1729.98;1758.9;929.49;720.74;297.43;46.53;144.05;134.36;93.57;348.12;448.97;407.31
84;162;184.01;146.93;92.2;68.83;46.08;19.19;32.53;23.05;37.37;44.13;55.81;121.3
84;169;3786.46;4160.94;3859.9;4055.49;1573.47;905.58;858.3;1169.72;1095.29;963.98;1126.36;1405.19
84;172;0;69.95;0;803.5;7.97;86.5;51.13;23.67;164.49;0;0;0
84;176;0;0;99.81;95.96;9.28;41.44;0;6.37;0;0;0;67.7
84;178;0;0;0;0;0;0;0;0;0;0;0;0
85;155;361.5;214.21;213.47;205.23;148.2;94.14;16.57;23.1;48.04;147.28;171.49;273.45
85;156;1342.67;1014.21;1009.69;946.89;427.58;304.8;129.37;0;144.3;339.12;444.16;713.24
85;162;86.68;8.96;76.68;93.06;39.1;29.11;36.85;12.73;24.69;37.97;45.66;54.32
85;169;2958.27;4327.35;2884.65;4925.64;1830.43;841.26;1084.91;400.62;608.41;996.81;1676.43;484.04
85;172;0;511.83;664.93;897.42;271.45;132.24;0;0;0;0;0;0
85;176;0;0;0;217.18;0;20.87;36.11;34.49;59.12;0;0;0
85;178;0;0;0;0;0;0;0;0;0;0;0;0
86;155;257.5;358.89;226.72;236.12;170.6;124.2;86.8;47.48;57.31;79.94;109.52;92.91
86;156;811.54;1311.24;189.09;940.71;596.99;468.07;227.21;91.12;117.46;251;368.04;298.82
86;162;49.38;87.22;64.49;112.01;65.13;54.95;28.63;24.88;26.9;54.39;69.41;0
86;169;2590.04;4966.69;5951.92;5223.71;3603.05;1330.65;1016.51;758.62;754.88;519.57;1993.22;1248.06
86;172;158.6;514.5;0;762.71;510.71;139.37;12.07;29.73;80.38;0;0;0
86;176;0;96.58;64.92;147.75;109.38;18.32;0;21.27;0;4.59;0;0
86;178;0;0;0;0;0;0;0;0;0;0;0;0
87;155;253.21;419.79;47.28;98.9;84.97;65.59;105.69;64.48;52.06;72.38;119.11;504.68
87;156;1544.39;1790.85;356.57;533.36;304.59;240.71;256.07;206.37;119.11;142.73;670.45;1984.94
87;162;67.66;188.68;57.79;45.71;53.29;36.75;40.32;36.52;28.91;37.76;69.34;88.52
87;169;3803.56;6836.42;2891.5;1737.38;1178.72;1589.94;1067.39;1108.97;614.05;973.14;787.44;2483.37
87;172;0;0;0;85.31;177.89;187.42;73.96;14.06;41.52;17.51;23.38;101.38
87;176;0;0;96.19;23.19;17.27;60.71;0.23;2.45;1.01;29.44;0;22.81
87;178;0;0;0;0;0;0;0;0;0;0;0;0
88;155;496.82;216.15;267.24;119.68;113.7;120.27;75.44;63.5;71.85;61.4;151.19;261.39
88;156;1826.88;1463.79;1623.68;303.46;260.88;347.79;190.63;78.42;224.76;126.41;568.48;677.23
88;162;141.04;72.46;124.01;67.49;38.11;47.87;29.41;13.52;29.52;9.69;38.9;85.74
88;169;1676.32;1727.37;4582.37;1656.35;1218.63;1233.12;1065.27;787.15;802.35;911.89;974.39;3811.43
88;172;139.55;75.32;281.69;426.91;0;90.53;21.28;77.32;0;114.04;0;163.86
88;176;47.6;86.87;0;214.62;14.7;27.17;16.46;49.02;7.4;41.73;0;21.23
88;178;0;0;0;0;0;0;0;0;0;0;0;0
89;155;60.06;273.24;228.59;101.08;121.02;52.67;76.08;44.97;71.9;33.59;140.75;140.43
89;156;620.16;801.14;607.49;401.46;410.82;154.77;166.19;3.44;185.88;105.3;372.14;655.47
89;162;14.03;127.24;105.75;62.96;45.98;23.25;29.8;11.5;28.98;33.5;39.86;71.94
89;169;1721.08;4966.59;6446.35;2029.41;2084.62;741.26;1057.1;520.7;637.91;320.28;1360.37;412.36
89;172;109.53;200.91;701.35;294.43;234.89;61.41;0;45.66;0;70.09;0;0
89;176;37.47;31.93;7.36;100.56;83.44;0;91.98;0;47.74;33.17;16.94;0
89;178;0;0;0;0;0;0;0;0;0;0;0;0
90;155;558.9;283.58;193.69;34.28;53.51;25.8;96.55;66.65;49.52;63.58;84.17;230.4
90;156;2361.66;176.76;773.8;298.93;126.48;120.45;353.45;179.44;117.16;343.67;350.99;1411.44
90;162;81.36;16.36;50.29;63.13;23.67;16.79;39.83;43.76;21.59;42.02;37.1;127.05
90;169;3756.25;1530.04;1472.59;2858.38;0;1037.67;1073.71;1042.18;836.88;693.96;558.66;2654.07
90;172;0;0;0;217.58;171.6;36.24;55.85;5.45;4.52;0;0;0
90;176;0;139.49;0;0;76.31;0;40.34;18.15;0.6;0;36.84;0
90;178;0;0;0;0;0;0;0;0;0;0;0;0
91;155;292.96;166.04;410.25;236.09;22.76;68.56;75.79;40.46;68.61;159.76;68.44;440.44
91;156;964.73;1234.78;1500.55;998.04;88.59;221.99;248.3;116.62;206.8;257.85;290.96;1108.27
91;162;56.09;38.85;124.26;103.78;39.44;33.62;27.79;30.92;9.07;47.92;55.41;174.72
91;169;1611.14;268.78;1702.07;4414.74;571.91;1034.22;1266.53;677.42;389.5;1384.93;1810.68;2191.9
91;172;0;0;133.2;477.96;157.48;156.66;18.49;60.52;5.24;0;29.01;148.82
91;176;0;21.37;0;69.11;0;20.27;6.24;38.58;8.79;1.23;0;6.31
91;178;0;0;0;0;0;0;0;0;0;0;0;0
92;155;145.27;220.85;197.99;177.74;162.34;0;45.59;108.44;16.1;141.22;195.81;169.37
92;156;280.38;793.75;745.57;716.36;360.8;107.62;94.02;313.05;32.7;243.37;759.87;460.74
92;162;52.54;34.35;70.91;69.09;66.68;24.87;20.84;48.69;1.45;30.7;76.09;18.34
92;169;2322.59;3797.29;275.51;1383.79;2263.55;984.49;766.09;1271.05;284.76;839.63;1475.19;1861.07
92;172;245.67;287.91;0;689.84;449.68;4.89;43.36;85.79;0;58.46;0;0
92;176;91.76;0;46.78;77.43;108.52;26.85;0;49.25;21.66;2.89;0;0
92;178;0;0;0;0;0;0;0;0;0;0;0;0
93;155;0;267.95;169.88;76.45;74.41;145.43;79.13;67.78;1.68;118.27;22.5;300.89
93;156;0;1413.74;840.38;337.15;91.25;425.96;314.27;168.05;0;157.19;352.02;932.84
93;162;14.47;81.06;112.26;73.86;48.35;50.73;38.4;24.16;8.26;36.23;20.56;92.5
93;169;2295.76;5058.85;0;1890.06;1152.74;817.73;1090.82;836.63;114.25;929.96;536.97;3008.41
93;172;413.52;247.87;0;102.42;35.3;43.04;21.58;104.8;78.9;0;0;8.12
93;176;92.98;0;0;145.93;22.82;0;0;9.01;0;17.96;0;0
93;178;0;0;0;0;0;0;0;0;0;0;0;0
94;155;693.08;227.17;233.91;144.69;70.06;88.8;50.51;54.73;70.21;110.58;55.51;324.48
94;156;2073.12;1661.52;996.98;745.55;388.34;284.71;57.55;143.73;184.36;358.36;347.84;1158.88
94;162;99.65;120.29;59.53;87.65;39.85;27.96;36.1;29.55;16.29;38.21;44.24;57.71
94;169;3596.61;2620.6;1825.3;5273.65;1623.04;1057.73;747.56;603.62;448.98;1079.01;0;1892.29
94;172;0;25.69;0;494.65;300.54;71.62;19.06;71.45;0;17.72;66.66;0
94;176;0;0;0;49.98;39.85;23.49;16.14;17.15;19.86;4.31;3.14;0
94;178;0;0;0;0;0;0;0;0;0;0;0;0
95;155;340.62;229.77;287.57;68.74;117.77;71.1;69.72;92.64;56.89;88.19;144.9;290.89
95;156;1076.17;1219.06;1130.12;128.42;378.56;313.7;87.2;229.64;140.01;160.15;519.12;1055.51
95;162;109.29;89.49;91.25;62.62;54.65;51.6;28.63;58.16;26.64;45.28;43.16;73.16
95;169;992.41;4420.93;4153.37;2740.13;2819.36;1844.07;922.95;1198.14;798.7;723.75;818.97;3483.06
95;172;6.48;237.07;275.71;674.28;248.28;99.13;39.9;43.95;0;39.56;0;121.75
95;176;8.63;0;140.53;222.77;82.87;21.61;32.26;0;0;0;0;59.49
95;178;0;0;0;0;0;0;0;0;0;0;0;0
96;155;456.33;268.48;304.51;35.31;114.12;83.11;96.23;57.51;40.03;79.39;104.92;191.37
96;156;1703.88;844.81;752.57;161.46;500.46;206.89;282.85;142.95;126.48;271.08;427.54;728.09
96;162;104.63;61.11;74.42;46.05;60.89;49.02;39.33;28.64;24.94;16.84;24.19;73.14
96;169;5940.12;2450.57;6433.28;1584.19;2460.27;930.24;1306;966.77;677.55;253.23;487.25;3167.83
96;172;0;119.98;1149.38;663.69;106.56;29.82;4.55;40.98;0;0;0;0
96;176;9.88;35.46;116.35;0;37.43;22.73;27.54;37.91;13.69;0;0;0
96;178;0;0;0;0;0;0;0;0;0;0;0;0
97;155;448.56;600.88;223.3;151.79;44.79;57.32;92.6;67.64;48.88;72.54;98.97;436.05
97;156;1913.02;1821.67;1075.72;431.02;305.65;90.5;183.92;101.76;98.34;197.27;639.97;1334.34
97;162;156.77;68.76;94.5;57.29;23.86;9.17;44.44;20.05;0;50.9;65.57;122.21
97;169;4828.41;2038.18;4513.71;2876.42;562.14;435.84;961.07;767.96;63.09;636.96;1535.75;3541.79
97;172;0;0;0;0;0;0;46.61;87.64;109.53;95.49;0;0
97;176;0;13.59;0;22.77;0;11.64;33.42;65.09;13.09;0;0;0
97;178;0;0;0;0;0;0;0;0;0;0;0;0
98;155;461.12;560.33;448.13;205.94;65.2;135.69;102.51;74.61;22.47;31.53;172.34;101.77
98;156;1080.48;1924.73;1545.43;588.21;241.71;326.31;264.28;217.27;84.42;135.59;794.34;871.6
98;162;114.87;72.55;189.71;104.55;39.3;39.94;53.44;39.09;11.65;26.8;92.41;24.69
98;169;2513.23;5157.3;10287.95;4034.46;1643.18;941.41;1520.73;1092.74;411.92;330.1;1632.89;2118.33
98;172;53.78;238.29;939.96;706.14;32.6;107.99;80.96;53.18;22.5;0;0;176.33
98;176;0;122.71;59.57;198.19;48.85;33.05;0;18.1;12.11;0;0;11.67
98;178;0;0;0;0;0;0;0;0;0;0;0;0
99;155;226.08;388.29;222.61;210.57;95.04;125.69;57.43;87.8;68.66;61.8;199.83;161.87
99;156;986.37;1350.69;525.29;994.66;328.55;472.1;156.52;212.66;189.87;309.19;800.58;399.87
99;162;21.88;92.86;73.22;70.06;55.04;59.93;39.68;25.66;30.29;53.8;27.76;41.18
99;169;3127.61;3722.01;2353.95;4704.24;1365.71;1713.1;1220.49;810.45;811.33;1095.67;1547.55;1315.21
99;172;86.77;247.26;438.49;454.75;0;158.95;52.91;80.16;0;0;0;257.82
99;176;0;61.29;0;0;1.89;27.64;26.33;31.79;18.43;0;0;97.15
99;178;0;0;0;0;0;0;0;0;0;0;0;0
100;155;275.75;177.93;158.17;134.07;117.53;118.67;58.94;64.25;99.47;67.15;180.98;374.4
100;156;1051.07;666.42;861.72;177.4;350.21;315.06;192.99;156.09;182.44;89.08;777.41;1122.55
100;162;55.55;119.27;84.79;68.74;27.39;41.4;31.32;39.63;44.52;16.52;62.85;97.04
100;169;1776.03;2061.58;5353.41;1936;1076.68;1340.42;814.52;1053.58;1099.01;597.05;1210.41;2548.72
100;172;109.82;8.57;1081.08;514.26;96.47;135.74;1.92;34.85;27.64;47.35;0;7.54
100;176;0;0;287.34;84.48;0;11.57;0;18.06;34.4;10.23;0;0
100;178;0;0;0;0;0;0;0;0;0;0;0;0
